Timestamp,Average_OAT,Humidity,UV_Index,Average_Rainfall
2021/9/24 0:00,28.9395,80.38453333,0,1
2021/9/24 0:15,29.012,80.30786667,0,1
2021/9/24 0:30,28.94283333,80.76453333,0,1
2021/9/24 0:45,28.9245,82.22786667,0,0
2021/9/24 1:00,28.1795,89.2313,0,0
2021/9/24 1:15,28.35033333,86.59463333,0,0
2021/9/24 1:30,28.21616667,84.48456667,0,0
2021/9/24 1:45,28.30533333,83.57786667,0,1.5
2021/9/24 2:00,28.552,83.90453333,0,1.5
2021/9/24 2:15,28.717,82.06453333,0,1.5
2021/9/24 2:30,28.8395,81.83786667,0,1.5
2021/9/24 2:45,28.882,82.0812,0,0
2021/9/24 3:00,28.92033333,81.9412,0,0
2021/9/24 3:15,28.897,81.31453333,0,0
2021/9/24 3:30,28.86116667,81.62786667,0,0
2021/9/24 3:45,28.90283333,81.35453333,0,0
2021/9/24 4:00,28.897,81.24786667,0,0
2021/9/24 4:15,28.54116667,83.29786667,0,0
2021/9/24 4:30,28.3895,83.5512,0,0
2021/9/24 4:45,28.64616667,82.3412,0,0
2021/9/24 5:00,28.7645,78.42113333,0,0
2021/9/24 5:15,28.69783333,78.1412,0,0
2021/9/24 5:30,28.80116667,78.51786667,0,0
2021/9/24 5:45,28.92533333,78.22786667,0,0
2021/9/24 6:00,28.92283333,79.14786667,0,0
2021/9/24 6:15,28.94366667,80.23453333,0,0
2021/9/24 6:30,28.98866667,80.2512,0,0
2021/9/24 6:45,29.05866667,79.4912,0,0
2021/9/24 7:00,29.18866667,79.02786667,0,0
2021/9/24 7:15,29.24116667,76.86776667,0,0
2021/9/24 7:30,29.30283333,75.90776667,0,0
2021/9/24 7:45,29.3895,74.27776667,0,0
2021/9/24 8:00,29.44283333,74.88776667,0,0
2021/9/24 8:15,29.80116667,72.7011,0.3,0
2021/9/24 8:30,30.1395,72.93443333,0.3,0
2021/9/24 8:45,29.9845,73.6211,0.3,0
2021/9/24 9:00,30.202,72.53443333,0.3,0
2021/9/24 9:15,30.72783333,71.8011,2,0
2021/9/24 9:30,30.692,73.46443333,2,0
2021/9/24 9:45,29.21118333,81.5979,2,0
2021/9/24 10:00,27.55208333,85.77126667,2,0
2021/9/24 10:15,28.97366667,80.51453333,3,0
2021/9/24 10:30,29.51783333,78.4712,3,0
2021/9/24 10:45,29.8095,77.4245,3,2.5
2021/9/24 11:00,30.30866667,75.04443333,3,2.5
2021/9/24 11:15,30.97116667,73.0911,5,2.5
2021/9/24 11:30,31.13866667,73.31776667,5,2.5
2021/9/24 11:45,30.74366667,73.8011,5,0
2021/9/24 12:00,30.91116667,72.98776667,5,0
2021/9/24 12:15,30.68033333,73.8011,8,0
2021/9/24 12:30,31.00616667,72.11776667,8,0
2021/9/24 12:45,31.34616667,71.23443333,8,0
2021/9/24 13:00,30.84283333,72.30776667,8,0
2021/9/24 13:15,30.98866667,74.10113333,8,0
2021/9/24 13:30,31.05616667,71.80443333,8,0
2021/9/24 13:45,31.46283333,70.7611,8,0
2021/9/24 14:00,31.08616667,71.18776667,8,0
2021/9/24 14:15,30.8695,72.09776667,6,0
2021/9/24 14:30,30.857,73.4211,6,0
2021/9/24 14:45,30.77783333,69.92773333,6,0
2021/9/24 15:00,30.88033333,68.78433333,6,0
2021/9/24 15:15,30.67283333,68.9977,4,0
2021/9/24 15:30,30.957,67.12766667,4,0
2021/9/24 15:45,30.98116667,66.53766667,4,0
2021/9/24 16:00,30.8895,66.46766667,4,0
2021/9/24 16:15,30.93866667,66.86433333,3,0
2021/9/24 16:30,31.117,68.14103333,3,0
2021/9/24 16:45,30.93783333,70.14443333,3,0
2021/9/24 17:00,30.79033333,71.48106667,3,0
2021/9/24 17:15,30.57783333,71.86443333,1,0
2021/9/24 17:30,30.19616667,74.01443333,1,0
2021/9/24 17:45,29.86033333,76.15443333,1,0
2021/9/24 18:00,29.48866667,78.9912,1,0
2021/9/24 18:15,29.39116667,79.68786667,0.2,0
2021/9/24 18:30,29.392,79.65453333,0.2,0
2021/9/24 18:45,29.48783333,79.26786667,0.2,0
2021/9/24 19:00,29.4745,78.91786667,0.2,0
2021/9/24 19:15,29.382,78.05786667,0.2,0
2021/9/24 19:30,29.36283333,77.78786667,0.2,0
2021/9/24 19:45,29.47616667,76.89446667,0.2,0
2021/9/24 20:00,29.45366667,77.50786667,0.2,0
2021/9/24 20:15,29.41033333,77.7712,0.2,0
2021/9/24 20:30,29.4395,77.22786667,0.2,0
2021/9/24 20:45,29.4845,77.2812,0.2,0
2021/9/24 21:00,29.54616667,76.8778,0.2,0
2021/9/24 21:15,29.53116667,76.9078,0.2,0
2021/9/24 21:30,29.50533333,77.81453333,0.2,0
2021/9/24 21:45,29.4545,77.2378,0.2,0
2021/9/24 22:00,29.49116667,76.25776667,0.2,0
2021/9/24 22:15,29.422,77.36113333,0.2,0
2021/9/24 22:30,29.0195,79.39786667,0.2,0
2021/9/24 22:45,29.14116667,78.6612,0.2,0
2021/9/24 23:00,29.21033333,78.63786667,0.2,0
2021/9/24 23:15,29.24366667,78.07453333,0.2,0
2021/9/24 23:30,29.24283333,76.84446667,0.2,0
2021/9/24 23:45,23.94791667,62.22925,0.2,0
2021/9/25 0:00,29.27283333,75.3811,0.2,0
2021/9/25 0:15,29.21366667,76.5511,0.2,0
2021/9/25 0:30,29.1895,76.77443333,0.2,0
2021/9/25 0:45,29.18866667,76.54443333,0.2,0
2021/9/25 1:00,29.1445,76.2611,0.2,0
2021/9/25 1:15,29.12116667,76.51113333,0.2,0
2021/9/25 1:30,29.07783333,77.91453333,0.2,0
2021/9/25 1:45,29.08533333,78.0512,0.2,0
2021/9/25 2:00,29.0245,78.0212,0.2,0
2021/9/25 2:15,29.03866667,77.2378,0.2,0
2021/9/25 2:30,29.00533333,77.59786667,0.2,0
2021/9/25 2:45,28.93783333,77.83783333,0.2,0
2021/9/25 3:00,28.83533333,79.23786667,0.2,0
2021/9/25 3:15,27.9637,85.28126667,0.2,0
2021/9/25 3:30,27.84286667,84.54123333,0.2,0
2021/9/25 3:45,28.03116667,83.3212,0.2,0.5
2021/9/25 4:00,28.082,82.44786667,0.2,0.5
2021/9/25 4:15,28.13033333,81.81453333,0.2,0.5
2021/9/25 4:30,28.08866667,81.4812,0.2,0.5
2021/9/25 4:45,28.1095,80.6312,0.2,0
2021/9/25 5:00,28.09283333,80.32453333,0.2,0
2021/9/25 5:15,28.05783333,80.7612,0.2,0
2021/9/25 5:30,28.052,80.3412,0.2,0
2021/9/25 5:45,28.01866667,80.48786667,0.2,0
2021/9/25 6:00,27.9695,80.1912,0.2,0
2021/9/25 6:15,28.022,79.43453333,0.2,0
2021/9/25 6:30,28.017,79.7412,0.2,0
2021/9/25 6:45,28.02616667,79.24453333,0.2,0
2021/9/25 7:00,28.07116667,78.6612,0.2,0
2021/9/25 7:15,28.05866667,78.54453333,0.2,0
2021/9/25 7:30,28.14116667,78.22786667,0.2,0
2021/9/25 7:45,28.18116667,77.73786667,0.2,0
2021/9/25 8:00,28.32616667,76.80783333,0.2,0
2021/9/25 8:15,28.622,76.23113333,0.2,0
2021/9/25 8:30,29.26616667,73.8411,0.2,0
2021/9/25 8:45,30.08033333,71.58776667,0.2,0
2021/9/25 9:00,30.27533333,69.2477,0.2,0
2021/9/25 9:15,31.00783333,68.97436667,2,0
2021/9/25 9:30,30.03533333,70.9311,2,0
2021/9/25 9:45,29.862,71.38776667,2,0
2021/9/25 10:00,29.99783333,69.31106667,2,0
2021/9/25 10:15,31.02366667,65.311,3,0
2021/9/25 10:30,31.59866667,63.24433333,3,0
2021/9/25 10:45,31.577,63.561,3,0
2021/9/25 11:00,31.24616667,63.88433333,3,0
2021/9/25 11:15,31.2495,63.96433333,6,0
2021/9/25 11:30,31.042,65.78433333,6,0
2021/9/25 11:45,31.4245,63.21766667,6,0
2021/9/25 12:00,31.952,62.06096667,6,0
2021/9/25 12:15,32.45866667,60.50426667,7,0
2021/9/25 12:30,32.122,60.08423333,7,0
2021/9/25 12:45,32.1995,60.4976,7,0
2021/9/25 13:00,31.31116667,62.42433333,7,0
2021/9/25 13:15,31.67866667,62.2543,9,0
2021/9/25 13:30,31.72533333,62.66763333,9,0
2021/9/25 13:45,31.7645,61.79766667,9,0
2021/9/25 14:00,31.9345,61.9743,9,0
2021/9/25 14:15,32.01533333,61.5476,8,0
2021/9/25 14:30,31.9795,60.56093333,8,0
2021/9/25 14:45,32.00866667,61.2976,8,0
2021/9/25 15:00,31.59783333,61.09093333,8,0
2021/9/25 15:15,31.452,60.43423333,6,0
2021/9/25 15:30,31.312,60.7576,6,0
2021/9/25 15:45,30.89783333,60.3709,6,0
2021/9/25 16:00,31.4895,60.43093333,6,0
2021/9/25 16:15,30.87116667,64.661,3,0
2021/9/25 16:30,30.997,64.95433333,3,0
2021/9/25 16:45,30.74533333,65.25433333,3,0
2021/9/25 17:00,30.57116667,66.661,3,0
2021/9/25 17:15,30.39283333,67.60433333,1,0
2021/9/25 17:30,30.38783333,68.77436667,1,0
2021/9/25 17:45,30.12616667,69.95106667,1,0
2021/9/25 18:00,29.63866667,71.66776667,1,0
2021/9/25 18:15,29.48616667,72.70443333,0.2,0
2021/9/25 18:30,29.37533333,73.40776667,0.2,0
2021/9/25 18:45,29.232,74.4511,0.2,0
2021/9/25 19:00,29.25616667,74.7411,0.2,0
2021/9/25 19:15,29.14033333,74.61443333,0.2,0
2021/9/25 19:30,29.22283333,74.25776667,0.2,0
2021/9/25 19:45,29.127,74.40776667,0.2,0
2021/9/25 20:00,29.16783333,74.17776667,0.2,0
2021/9/25 20:15,29.16866667,74.81443333,0.2,0
2021/9/25 20:30,29.19116667,75.0111,0.2,0
2021/9/25 20:45,29.21783333,75.3911,0.2,0
2021/9/25 21:00,29.22783333,75.16776667,0.2,0
2021/9/25 21:15,29.23033333,75.6711,0.2,0
2021/9/25 21:30,29.19533333,76.5111,0.2,0
2021/9/25 21:45,29.25783333,76.4711,0.2,0
2021/9/25 22:00,29.25283333,76.93446667,0.2,0
2021/9/25 22:15,29.23616667,77.42786667,0.2,0
2021/9/25 22:30,29.23866667,77.67786667,0.2,0
2021/9/25 22:45,29.1945,78.00453333,0.2,0
2021/9/25 23:00,29.14866667,77.7512,0.2,0
2021/9/25 23:15,29.05533333,77.80453333,0.2,0
2021/9/25 23:30,29.072,77.71786667,0.2,0
2021/9/25 23:45,24.72151389,68.73881111,0.2,0
2021/9/26 0:00,29.02866667,77.56786667,0.2,0
2021/9/26 0:15,29.01616667,76.92113333,0.2,0
2021/9/26 0:30,28.9945,75.57776667,0.2,0
2021/9/26 0:45,28.99283333,74.65443333,0.2,0
2021/9/26 1:00,28.98616667,72.47443333,0.2,0
2021/9/26 1:15,28.97783333,70.8911,0.2,0
2021/9/26 1:30,28.99866667,70.4611,0.2,0
2021/9/26 1:45,29.01866667,71.0611,0.2,0
2021/9/26 2:00,28.94283333,71.89776667,0.2,0
2021/9/26 2:15,28.94866667,70.9411,0.2,0
2021/9/26 2:30,28.90783333,70.59443333,0.2,0
2021/9/26 2:45,28.90116667,71.54443333,0.2,0
2021/9/26 3:00,28.78533333,74.09776667,0.2,0
2021/9/26 3:15,28.63033333,74.57443333,0.2,0
2021/9/26 3:30,28.577,74.26776667,0.2,0
2021/9/26 3:45,28.502,74.34443333,0.2,0
2021/9/26 4:00,28.44116667,75.30776667,0.2,0
2021/9/26 4:15,28.42116667,75.54776667,0.2,0
2021/9/26 4:30,28.26783333,76.70443333,0.2,0
2021/9/26 4:45,28.29033333,76.4511,0.2,0
2021/9/26 5:00,28.18533333,76.22443333,0.2,0
2021/9/26 5:15,28.0895,75.98776667,0.2,0
2021/9/26 5:30,28.03616667,75.84443333,0.2,0
2021/9/26 5:45,27.92618333,75.29443333,0.2,0
2021/9/26 6:00,27.81118333,76.04776667,0.2,0
2021/9/26 6:15,27.75373333,76.0011,0.2,0
2021/9/26 6:30,27.8337,75.43776667,0.2,0
2021/9/26 6:45,27.817,76.07776667,0.2,0
2021/9/26 7:00,27.90118333,75.66443333,0.2,0
2021/9/26 7:15,28.06283333,74.61443333,0.2,0
2021/9/26 7:30,28.37616667,73.07776667,0.2,0
2021/9/26 7:45,28.57283333,72.10443333,0.2,0
2021/9/26 8:00,29.2295,69.76773333,0.2,0
2021/9/26 8:15,28.9795,70.89776667,0.4,0
2021/9/26 8:30,28.94533333,70.77443333,0.4,0
2021/9/26 8:45,28.89533333,71.7211,0.4,0
2021/9/26 9:00,28.8245,72.54443333,0.4,0
2021/9/26 9:15,28.77866667,72.7011,1,0
2021/9/26 9:30,28.7445,72.82776667,1,0
2021/9/26 9:45,28.782,72.51776667,1,0
2021/9/26 10:00,28.4745,73.31776667,1,0
2021/9/26 10:15,28.60616667,72.7811,1,0
2021/9/26 10:30,28.6945,72.7711,1,0
2021/9/26 10:45,29.09533333,71.1811,1,0
2021/9/26 11:00,28.9695,71.17443333,1,0
2021/9/26 11:15,29.072,69.48443333,2,0
2021/9/26 11:30,29.20783333,69.92776667,2,0
2021/9/26 11:45,30.44533333,65.061,2,0
2021/9/26 12:00,30.26283333,65.511,2,0
2021/9/26 12:15,30.75366667,61.1676,5,0
2021/9/26 12:30,30.76366667,60.69756667,5,0
2021/9/26 12:45,30.67116667,60.50426667,5,0
2021/9/26 13:00,30.96866667,59.15756667,5,0
2021/9/26 13:15,31.0545,61.0609,6,0
2021/9/26 13:30,31.18033333,58.76423333,6,0
2021/9/26 13:45,30.90783333,60.0809,6,0
2021/9/26 14:00,31.33033333,56.92756667,6,0
2021/9/26 14:15,30.982,56.34423333,6,0
2021/9/26 14:30,30.677,59.7009,6,0
2021/9/26 14:45,31.747,56.41423333,6,0
2021/9/26 15:00,32.13783333,54.23086667,6,0
2021/9/26 15:15,32.31033333,52.11083333,5,0
2021/9/26 15:30,31.7795,56.49423333,5,0
2021/9/26 15:45,31.397,57.73756667,5,0
2021/9/26 16:00,30.97866667,59.45093333,5,0
2021/9/26 16:15,31.29866667,58.60423333,3,0
2021/9/26 16:30,31.09283333,60.02423333,3,0
2021/9/26 16:45,31.17533333,59.44426667,3,0
2021/9/26 17:00,30.86533333,60.47093333,3,0
2021/9/26 17:15,30.16616667,64.01433333,1,0
2021/9/26 17:30,29.83783333,64.55766667,1,0
2021/9/26 17:45,29.60033333,65.441,1,0
2021/9/26 18:00,29.51033333,64.22766667,1,0
2021/9/26 18:15,29.3595,61.57763333,0.2,0
2021/9/26 18:30,29.19533333,60.0409,0.2,0
2021/9/26 18:45,29.09366667,57.54756667,0.2,0
2021/9/26 19:00,29.0145,58.95756667,0.2,0
2021/9/26 19:15,28.962,60.60423333,0.2,0
2021/9/26 19:30,28.94033333,60.37756667,0.2,0
2021/9/26 19:45,28.90366667,61.891,0.2,0
2021/9/26 20:00,28.7895,63.87433333,0.2,0
2021/9/26 20:15,28.6995,65.81433333,0.2,0
2021/9/26 20:30,28.68616667,66.61433333,0.2,0
2021/9/26 20:45,28.68866667,67.331,0.2,0
2021/9/26 21:00,28.5795,68.54766667,0.2,0
2021/9/26 21:15,28.50366667,69.55773333,0.2,0
2021/9/26 21:30,28.49283333,70.3011,0.2,0
2021/9/26 21:45,28.52366667,71.3711,0.2,0
2021/9/26 22:00,28.53866667,71.8311,0.2,0
2021/9/26 22:15,28.49283333,72.62443333,0.2,0
2021/9/26 22:30,28.44283333,73.3911,0.2,0
2021/9/26 22:45,28.43116667,73.9911,0.2,0
2021/9/26 23:00,28.4395,74.4311,0.2,0
2021/9/26 23:15,28.46366667,74.5111,0.2,0
2021/9/26 23:30,28.47283333,74.28776667,0.2,0
2021/9/26 23:45,24.19956944,65.29764444,0.2,0
2021/9/27 0:00,28.38033333,73.79776667,0.2,0
2021/9/27 0:15,28.38033333,73.88776667,0.2,0
2021/9/27 0:30,28.4095,73.8111,0.2,0
2021/9/27 0:45,28.41116667,73.60776667,0.2,0
2021/9/27 1:00,28.3845,73.8011,0.2,0
2021/9/27 1:15,28.377,74.55776667,0.2,0
2021/9/27 1:30,28.3495,74.03443333,0.2,0
2021/9/27 1:45,28.35616667,74.2311,0.2,0
2021/9/27 2:00,28.3045,74.47776667,0.2,0
2021/9/27 2:15,28.242,75.35776667,0.2,0
2021/9/27 2:30,28.25033333,75.57776667,0.2,0
2021/9/27 2:45,28.28116667,75.78776667,0.2,0
2021/9/27 3:00,28.2795,75.82776667,0.2,0
2021/9/27 3:15,28.31283333,76.69446667,0.2,0
2021/9/27 3:30,28.2795,76.0111,0.2,0
2021/9/27 3:45,28.322,75.60776667,0.2,0
2021/9/27 4:00,28.36033333,76.2111,0.2,0
2021/9/27 4:15,28.29283333,76.0011,0.2,0
2021/9/27 4:30,28.26616667,75.99776667,0.2,0
2021/9/27 4:45,28.21616667,76.34443333,0.2,0
2021/9/27 5:00,28.30116667,76.57443333,0.2,0
2021/9/27 5:15,28.29033333,76.48776667,0.2,0
2021/9/27 5:30,28.28783333,76.13443333,0.2,0
2021/9/27 5:45,28.3495,76.1511,0.2,0
2021/9/27 6:00,28.3195,76.02443333,0.2,0
2021/9/27 6:15,28.2895,75.63776667,0.2,0
2021/9/27 6:30,28.3595,76.2678,0.2,0
2021/9/27 6:45,28.45783333,74.90443333,0.2,0
2021/9/27 7:00,28.48116667,75.42776667,0.2,0
2021/9/27 7:15,28.46033333,76.80443333,0.2,0
2021/9/27 7:30,28.70283333,76.79113333,0.2,0
2021/9/27 7:45,29.43783333,73.85776667,0.2,0
2021/9/27 8:00,29.362,74.0111,0.2,0
2021/9/27 8:15,29.487,74.0711,0.4,0
2021/9/27 8:30,29.94283333,71.32443333,0.4,0
2021/9/27 8:45,29.717,72.0011,0.4,0
2021/9/27 9:00,29.16366667,72.72776667,0.4,0
2021/9/27 9:15,30.15533333,68.8977,1,0
2021/9/27 9:30,30.7195,69.68436667,1,0
2021/9/27 9:45,30.667,66.981,1,0
2021/9/27 10:00,30.33866667,66.84433333,1,0
2021/9/27 10:15,30.6995,64.891,3,0
2021/9/27 10:30,31.1045,62.971,3,0
2021/9/27 10:45,30.872,65.33766667,3,0
2021/9/27 11:00,30.78366667,65.28433333,3,0
2021/9/27 11:15,30.63116667,65.54433333,5,0
2021/9/27 11:30,31.1595,63.69433333,5,0
2021/9/27 11:45,32.14616667,61.46433333,5,0
2021/9/27 12:00,31.412,63.711,5,0
2021/9/27 12:15,32.03366667,61.7443,5,0
2021/9/27 12:30,31.88866667,62.12763333,5,0
2021/9/27 12:45,31.617,69.34103333,5,0
2021/9/27 13:00,31.32366667,74.9111,5,0
2021/9/27 13:15,32.49616667,71.0844,8,0
2021/9/27 13:30,32.87783333,71.99443333,8,0
2021/9/27 13:45,32.21533333,72.37443333,8,0
2021/9/27 14:00,32.21533333,72.30443333,8,0
2021/9/27 14:15,32.58783333,68.98106667,5,0
2021/9/27 14:30,32.34783333,70.8311,5,0
2021/9/27 14:45,32.3845,69.61773333,5,0
2021/9/27 15:00,32.14533333,73.65443333,5,0
2021/9/27 15:15,31.84616667,72.3111,5,0
2021/9/27 15:30,32.20033333,68.46436667,5,0
2021/9/27 15:45,31.9795,70.87443333,5,0
2021/9/27 16:00,31.92366667,67.951,5,0
2021/9/27 16:15,31.53616667,70.67106667,3,0
2021/9/27 16:30,31.59366667,71.10443333,3,0
2021/9/27 16:45,31.33616667,70.0944,3,0
2021/9/27 17:00,30.8895,69.02103333,3,0
2021/9/27 17:15,30.447,72.3311,1,0
2021/9/27 17:30,29.95866667,74.9778,1,0
2021/9/27 17:45,29.63866667,71.98443333,1,0
2021/9/27 18:00,29.3345,73.28443333,1,0
2021/9/27 18:15,29.1745,73.62443333,0.2,0
2021/9/27 18:30,29.23033333,73.88443333,0.2,0
2021/9/27 18:45,29.31616667,75.0778,0.2,0
2021/9/27 19:00,29.31033333,73.2711,0.2,0
2021/9/27 19:15,29.26783333,74.11776667,0.2,0
2021/9/27 19:30,29.1695,75.4578,0.2,0
2021/9/27 19:45,29.142,79.14786667,0.2,0
2021/9/27 20:00,29.0695,78.32453333,0.2,0
2021/9/27 20:15,29.08283333,77.67116667,0.2,0
2021/9/27 20:30,29.09866667,76.08443333,0.2,0
2021/9/27 20:45,28.902,76.93113333,0.2,0
2021/9/27 21:00,28.83283333,77.5112,0.2,0
2021/9/27 21:15,28.812,77.6745,0.2,0
2021/9/27 21:30,28.76283333,78.28786667,0.2,0
2021/9/27 21:45,28.647,78.0712,0.2,0
2021/9/27 22:00,28.6195,77.2145,0.2,0
2021/9/27 22:15,28.60116667,76.3411,0.2,0
2021/9/27 22:30,28.5695,75.3711,0.2,0
2021/9/27 22:45,28.64283333,74.8811,0.2,0
2021/9/27 23:00,28.53866667,74.81776667,0.2,0
2021/9/27 23:15,28.462,74.92443333,0.2,0
2021/9/27 23:30,28.4445,74.53776667,0.2,0
2021/9/27 23:45,24.20706944,66.3332,0.2,0
2021/9/28 0:00,28.47116667,75.0111,0.2,0
2021/9/28 0:15,28.452,74.90776667,0.2,0
2021/9/28 0:30,28.43366667,75.46776667,0.2,0
2021/9/28 0:45,28.42616667,75.8511,0.2,0
2021/9/28 1:00,28.45366667,75.67776667,0.2,0
2021/9/28 1:15,28.47116667,75.83443333,0.2,0
2021/9/28 1:30,28.52116667,75.71443333,0.2,0
2021/9/28 1:45,28.59116667,75.4711,0.2,0
2021/9/28 2:00,28.55866667,75.9211,0.2,0
2021/9/28 2:15,28.53783333,75.2611,0.2,0
2021/9/28 2:30,28.6145,74.1511,0.2,0
2021/9/28 2:45,28.62533333,74.94776667,0.2,0
2021/9/28 3:00,28.5445,75.17776667,0.2,0
2021/9/28 3:15,28.572,74.5711,0.2,0
2021/9/28 3:30,28.602,73.33776667,0.2,0
2021/9/28 3:45,28.572,73.26776667,0.2,0
2021/9/28 4:00,28.53533333,74.13776667,0.2,0
2021/9/28 4:15,28.43533333,73.68443333,0.2,0
2021/9/28 4:30,28.44533333,73.42443333,0.2,0
2021/9/28 4:45,28.44283333,72.16443333,0.2,0
2021/9/28 5:00,28.45033333,71.85443333,0.2,0
2021/9/28 5:15,28.45366667,71.17776667,0.2,0
2021/9/28 5:30,28.4595,70.79443333,0.2,0
2021/9/28 5:45,28.512,70.70776667,0.2,0
2021/9/28 6:00,28.522,70.35776667,0.2,0
2021/9/28 6:15,28.5195,71.89443333,0.2,0
2021/9/28 6:30,28.4445,73.65776667,0.2,0
2021/9/28 6:45,28.70866667,72.19443333,0.2,0
2021/9/28 7:00,29.13533333,71.39443333,0.2,0
2021/9/28 7:15,29.312,70.9211,0.2,0
2021/9/28 7:30,29.35616667,68.85773333,0.2,0
2021/9/28 7:45,29.6845,66.48433333,0.2,0
2021/9/28 8:00,30.03033333,68.081,0.2,0
2021/9/28 8:15,29.87283333,70.61773333,0.4,0
2021/9/28 8:30,30.21033333,69.48103333,0.4,0
2021/9/28 8:45,30.57283333,68.451,0.4,0
2021/9/28 9:00,31.61783333,63.74433333,0.4,0
2021/9/28 9:15,31.802,71.11106667,1,0
2021/9/28 9:30,31.94033333,72.52443333,1,0
2021/9/28 9:45,32.06366667,66.99436667,1,0
2021/9/28 10:00,31.3395,72.66443333,1,0
2021/9/28 10:15,31.1945,73.12776667,4,0
2021/9/28 10:30,31.18116667,72.65443333,4,0
2021/9/28 10:45,30.767,74.24776667,4,0
2021/9/28 11:00,30.777,72.6011,4,0
2021/9/28 11:15,30.58783333,74.71113333,5,0
2021/9/28 11:30,30.89533333,74.36776667,5,0
2021/9/28 11:45,31.61616667,69.71773333,5,0
2021/9/28 12:00,32.75366667,65.131,5,0
2021/9/28 12:15,33.80616667,61.46763333,4,0
2021/9/28 12:30,33.622,64.27766667,4,0
2021/9/28 12:45,32.78783333,67.88103333,4,0
2021/9/28 13:00,32.527,67.52436667,4,0
2021/9/28 13:15,33.09616667,62.2043,4,0
2021/9/28 13:30,33.11866667,65.14763333,4,0
2021/9/28 13:45,32.81283333,67.96103333,4,0
2021/9/28 14:00,33.537,63.06763333,4,0
2021/9/28 14:15,32.747,61.9643,3,0
2021/9/28 14:30,33.0845,60.32426667,3,0
2021/9/28 14:45,33.19866667,62.2843,3,0
2021/9/28 15:00,33.397,62.62763333,3,0
2021/9/28 15:15,33.13116667,66.62766667,2,0
2021/9/28 15:30,33.0495,64.081,2,0
2021/9/28 15:45,32.622,67.00766667,2,0
2021/9/28 16:00,32.26616667,69.23103333,2,0
2021/9/28 16:15,32.23866667,68.17766667,2,0
2021/9/28 16:30,31.792,66.20766667,2,0
2021/9/28 16:45,31.44783333,68.49433333,2,0
2021/9/28 17:00,30.6895,71.69443333,2,0
2021/9/28 17:15,30.3195,73.0411,0.7,0
2021/9/28 17:30,30.15783333,72.05776667,0.7,0
2021/9/28 17:45,29.79866667,74.69776667,0.7,0
2021/9/28 18:00,29.50033333,75.98446667,0.7,0
2021/9/28 18:15,29.34866667,76.7178,0.1,0
2021/9/28 18:30,29.24116667,76.4311,0.1,0
2021/9/28 18:45,29.24783333,76.5611,0.1,0
2021/9/28 19:00,29.22783333,76.5378,0.1,0
2021/9/28 19:15,29.20116667,77.14783333,0.1,0
2021/9/28 19:30,29.22616667,76.1311,0.1,0
2021/9/28 19:45,29.16866667,78.25786667,0.1,0
2021/9/28 20:00,29.1345,80.62786667,0.1,0
2021/9/28 20:15,29.11616667,79.55786667,0.1,0
2021/9/28 20:30,29.13116667,79.9612,0.1,0
2021/9/28 20:45,29.037,78.53786667,0.1,0
2021/9/28 21:00,29.14116667,81.58786667,0.1,0
2021/9/28 21:15,28.91533333,82.25786667,0.1,0
2021/9/28 21:30,28.8145,85.57463333,0.1,0
2021/9/28 21:45,28.782,86.3113,0.1,0
2021/9/28 22:00,28.75616667,87.01796667,0.1,0
2021/9/28 22:15,28.73366667,86.1346,0.1,0
2021/9/28 22:30,28.75783333,85.29123333,0.1,0
2021/9/28 22:45,28.65533333,84.97123333,0.1,0
2021/9/28 23:00,28.73783333,85.62796667,0.1,0
2021/9/28 23:15,28.69283333,82.82786667,0.1,0
2021/9/28 23:30,28.70616667,82.50453333,0.1,0
2021/9/28 23:45,23.51708333,69.32766667,0.1,0
2021/9/29 0:00,28.657,83.74453333,0.1,0
2021/9/29 0:15,28.67616667,84.94456667,0.1,0
2021/9/29 0:30,28.58616667,81.79786667,0.1,0
2021/9/29 0:45,28.6645,82.72453333,0.1,0
2021/9/29 1:00,28.58616667,85.44796667,0.1,0
2021/9/29 1:15,28.48783333,86.71796667,0.1,0
2021/9/29 1:30,28.46533333,85.89463333,0.1,0
2021/9/29 1:45,28.41533333,86.83796667,0.1,0
2021/9/29 2:00,28.28283333,87.13463333,0.1,0
2021/9/29 2:15,28.32033333,87.2713,0.1,0
2021/9/29 2:30,28.317,88.73463333,0.1,0
2021/9/29 2:45,28.1445,89.00463333,0.1,0
2021/9/29 3:00,28.20366667,88.44463333,0.1,0
2021/9/29 3:15,28.20366667,88.05796667,0.1,0
2021/9/29 3:30,28.05533333,88.09463333,0.1,0
2021/9/29 3:45,28.13283333,89.9113,0.1,0
2021/9/29 4:00,28.05366667,90.23796667,0.1,0
2021/9/29 4:15,27.98533333,91.0613,0.1,0
2021/9/29 4:30,27.81866667,91.6013,0.1,0
2021/9/29 4:45,27.88951667,92.29133333,0.1,0
2021/9/29 5:00,27.82536667,91.74463333,0.1,0
2021/9/29 5:15,27.84538333,91.5113,0.1,0
2021/9/29 5:30,27.67786667,91.51463333,0.1,0
2021/9/29 5:45,27.79036667,91.6413,0.1,0
2021/9/29 6:00,27.76621667,91.0013,0.1,0
2021/9/29 6:15,27.76288333,90.49796667,0.1,0
2021/9/29 6:30,27.84871667,89.55463333,0.1,0
2021/9/29 6:45,27.97283333,87.74796667,0.1,0
2021/9/29 7:00,28.362,87.0213,0.1,0
2021/9/29 7:15,28.632,87.5513,0.1,0
2021/9/29 7:30,28.80033333,85.28126667,0.1,0
2021/9/29 7:45,29.03366667,83.25456667,0.1,0
2021/9/29 8:00,29.51533333,78.36786667,0.1,0
2021/9/29 8:15,30.51283333,77.78453333,0.3,0
2021/9/29 8:30,31.09783333,79.1612,0.3,0
2021/9/29 8:45,31.0995,82.98786667,0.3,0
2021/9/29 9:00,31.10033333,81.99453333,0.3,0
2021/9/29 9:15,30.97866667,82.3312,1,0
2021/9/29 9:30,31.142,82.83786667,1,0
2021/9/29 9:45,31.06866667,83.1612,1,0
2021/9/29 10:00,31.38033333,80.0245,1,0
2021/9/29 10:15,31.29783333,78.92786667,3,0
2021/9/29 10:30,31.632,79.7345,3,0
2021/9/29 10:45,31.69783333,77.2745,3,0
2021/9/29 11:00,31.747,78.9212,3,0
2021/9/29 11:15,32.32116667,76.9045,5,0
2021/9/29 11:30,32.29366667,77.5745,5,0
2021/9/29 11:45,32.12116667,79.39786667,5,0
2021/9/29 12:00,32.16033333,79.39786667,5,0
2021/9/29 12:15,32.4795,78.8912,7,0
2021/9/29 12:30,32.58033333,77.8745,7,0
2021/9/29 12:45,32.31533333,79.50786667,7,0
2021/9/29 13:00,32.38366667,79.3112,7,0
2021/9/29 13:15,32.43033333,78.76453333,6,0
2021/9/29 13:30,32.707,77.83786667,6,0
2021/9/29 13:45,32.4695,78.0445,6,0
2021/9/29 14:00,32.90616667,75.6978,6,0
2021/9/29 14:15,33.17783333,72.05776667,4,0
2021/9/29 14:30,32.99616667,71.2911,4,0
2021/9/29 14:45,33.142,71.90776667,4,0
2021/9/29 15:00,33.04116667,73.75443333,4,0
2021/9/29 15:15,32.35283333,78.0945,4,0
2021/9/29 15:30,31.54866667,80.78786667,4,0
2021/9/29 15:45,30.93866667,82.65786667,4,0
2021/9/29 16:00,30.78283333,83.95453333,4,0
2021/9/29 16:15,30.9995,83.23786667,2,0
2021/9/29 16:30,30.9895,82.77453333,2,0
2021/9/29 16:45,30.74116667,84.23786667,2,0
2021/9/29 17:00,30.60033333,84.3679,2,0
2021/9/29 17:15,30.30366667,85.88463333,0.9,0
2021/9/29 17:30,30.132,85.9346,0.9,0
2021/9/29 17:45,30.05866667,86.56796667,0.9,0
2021/9/29 18:00,30.04783333,87.07796667,0.9,0
2021/9/29 18:15,29.80033333,86.31796667,0.1,0
2021/9/29 18:30,29.647,85.67126667,0.1,0
2021/9/29 18:45,29.68283333,83.7179,0.1,0
2021/9/29 19:00,29.5845,82.9512,0.1,0
2021/9/29 19:15,29.557,82.48453333,0.1,0
2021/9/29 19:30,29.59033333,80.11453333,0.1,0
2021/9/29 19:45,29.547,76.9378,0.1,0
2021/9/29 20:00,29.4245,78.3712,0.1,0
2021/9/29 20:15,29.47866667,79.0612,0.1,0
2021/9/29 20:30,29.4345,79.0512,0.1,0
2021/9/29 20:45,29.40116667,79.94786667,0.1,0
2021/9/29 21:00,29.402,79.71786667,0.1,0
2021/9/29 21:15,29.28116667,82.26453333,0.1,0
2021/9/29 21:30,29.1945,82.4012,0.1,0
2021/9/29 21:45,29.23783333,82.83453333,0.1,0
2021/9/29 22:00,29.2345,82.2512,0.1,0
2021/9/29 22:15,29.17783333,82.60453333,0.1,0
2021/9/29 22:30,29.21033333,81.85786667,0.1,0
2021/9/29 22:45,29.2345,81.61453333,0.1,0
2021/9/29 23:00,29.17366667,81.66786667,0.1,0
2021/9/29 23:15,29.22033333,80.82453333,0.1,0
2021/9/29 23:30,29.15866667,81.58786667,0.1,0
2021/9/29 23:45,24.69068056,72.54884444,0.1,0
2021/9/30 0:00,29.07783333,82.58453333,0.1,0
2021/9/30 0:15,29.05366667,82.54453333,0.1,0
2021/9/30 0:30,28.9745,82.94453333,0.1,0
2021/9/30 0:45,28.93866667,83.3812,0.1,0
2021/9/30 1:00,28.932,83.4112,0.1,0
2021/9/30 1:15,28.88116667,83.80786667,0.1,0
2021/9/30 1:30,28.84616667,83.17453333,0.1,0
2021/9/30 1:45,28.86866667,83.0712,0.1,0
2021/9/30 2:00,28.82116667,83.57453333,0.1,0
2021/9/30 2:15,28.7995,83.81453333,0.1,0
2021/9/30 2:30,28.77033333,84.10453333,0.1,0
2021/9/30 2:45,28.74533333,84.77793333,0.1,0
2021/9/30 3:00,28.62533333,87.03796667,0.1,0
2021/9/30 3:15,28.5145,88.97796667,0.1,0
2021/9/30 3:30,28.46116667,88.24463333,0.1,0
2021/9/30 3:45,28.43116667,88.07796667,0.1,0
2021/9/30 4:00,28.44283333,88.41796667,0.1,0
2021/9/30 4:15,28.3895,89.26463333,0.1,0
2021/9/30 4:30,28.4295,88.99463333,0.1,0
2021/9/30 4:45,28.46866667,89.1813,0.1,0
2021/9/30 5:00,28.45533333,90.18796667,0.1,0
2021/9/30 5:15,28.22866667,90.68796667,0.1,0
2021/9/30 5:30,28.19616667,89.7613,0.1,0
2021/9/30 5:45,28.26283333,87.32796667,0.1,0
2021/9/30 6:00,28.36616667,86.0613,0.1,0
2021/9/30 6:15,28.412,87.3313,0.1,0
2021/9/30 6:30,28.43783333,87.62463333,0.1,0
2021/9/30 6:45,28.64616667,87.07796667,0.1,0
2021/9/30 7:00,29.02533333,85.06456667,0.1,0
2021/9/30 7:15,29.30116667,84.78453333,0.1,0
2021/9/30 7:30,29.71033333,83.7912,0.1,0
2021/9/30 7:45,30.26616667,85.0579,0.1,0
2021/9/30 8:00,30.85783333,87.5813,0.1,0
2021/9/30 8:15,31.1395,86.83796667,0.4,0
2021/9/30 8:30,31.13283333,86.14793333,0.4,0
2021/9/30 8:45,31.2245,85.6513,0.4,0
2021/9/30 9:00,31.32783333,84.54123333,0.4,0
2021/9/30 9:15,31.772,86.0613,2,0
2021/9/30 9:30,31.62866667,85.28126667,2,0
2021/9/30 9:45,31.8295,84.15453333,2,0
2021/9/30 10:00,32.16033333,82.62456667,2,0
2021/9/30 10:15,32.30033333,82.1079,3,0
2021/9/30 10:30,32.5695,83.0312,3,0
2021/9/30 10:45,32.57033333,80.8112,3,0
2021/9/30 11:00,32.557,81.11453333,3,0
2021/9/30 11:15,33.12366667,75.42443333,6,0
2021/9/30 11:30,32.9345,78.94453333,6,0
2021/9/30 11:45,32.85033333,78.4512,6,0
2021/9/30 12:00,33.49116667,76.6445,6,0
2021/9/30 12:15,33.262,78.31786667,7,0
2021/9/30 12:30,32.95366667,78.7112,7,0
2021/9/30 12:45,33.02366667,78.19786667,7,0
2021/9/30 13:00,33.54033333,74.02776667,7,0
2021/9/30 13:15,34.0295,72.62106667,7,0
2021/9/30 13:30,34.30616667,70.6344,7,0
2021/9/30 13:45,33.3095,78.37116667,7,0
2021/9/30 14:00,32.07366667,79.36453333,7,0
2021/9/30 14:15,31.9895,79.57786667,5,0
2021/9/30 14:30,31.51033333,82.16453333,5,0
2021/9/30 14:45,31.23283333,84.43453333,5,0
2021/9/30 15:00,31.35533333,82.52786667,5,0
2021/9/30 15:15,31.9995,80.0912,2,0
2021/9/30 15:30,31.79033333,81.5412,2,0
2021/9/30 15:45,31.992,82.62786667,2,0
2021/9/30 16:00,32.05366667,82.32453333,2,0
2021/9/30 16:15,32.272,81.33786667,2,0
2021/9/30 16:30,31.98116667,83.62123333,2,0
2021/9/30 16:45,31.27783333,86.72796667,2,0
2021/9/30 17:00,31.027,87.7813,2,0
2021/9/30 17:15,30.85783333,89.3013,0.8,0
2021/9/30 17:30,30.57033333,89.90796667,0.8,0
2021/9/30 17:45,30.247,88.59463333,0.8,0
2021/9/30 18:00,29.95616667,83.7012,0.8,0
2021/9/30 18:15,29.637,84.41786667,0.1,0
2021/9/30 18:30,29.6995,83.83786667,0.1,0
2021/9/30 18:45,29.71283333,85.6613,0.1,0
2021/9/30 19:00,29.7345,85.1846,0.1,0
2021/9/30 19:15,29.66366667,85.17456667,0.1,0
2021/9/30 19:30,29.70616667,85.47796667,0.1,0
2021/9/30 19:45,29.79283333,85.85796667,0.1,0
2021/9/30 20:00,29.8195,84.60123333,0.1,0
2021/9/30 20:15,29.932,83.59453333,0.1,0
2021/9/30 20:30,30.00783333,83.34786667,0.1,0
2021/9/30 20:45,29.94533333,83.92786667,0.1,0
2021/9/30 21:00,29.83283333,84.95456667,0.1,0
2021/9/30 21:15,29.772,86.8813,0.1,0
2021/9/30 21:30,29.75616667,87.6613,0.1,0
2021/9/30 21:45,29.72033333,88.1913,0.1,0
2021/9/30 22:00,29.652,88.3513,0.1,0
2021/9/30 22:15,29.617,89.34796667,0.1,0
2021/9/30 22:30,29.56616667,89.62463333,0.1,0
2021/9/30 22:45,29.45533333,89.16796667,0.1,0
2021/9/30 23:00,29.43616667,89.71796667,0.1,0
2021/9/30 23:15,29.387,90.50463333,0.1,0
2021/9/30 23:30,29.3545,89.81796667,0.1,0
2021/9/30 23:45,24.18666667,75.11275,0.1,0
